accession,test_date,test_code,clinical_finding,diagnosis,primary_tumor_site,specimen_type,gene,variation,chromosome,position,reference,alternate,tc_transcript,tc_change,pc_protein,pc_change,read_depth,allele_fraction,assessment
M23811,2019-08-12,NGS Heme,Cancer,Myelodysplastic syndrome,Bone Marrow,Bone Marrow (1% blasts),TET2,Deletion,4,106156961,C,,NM_001127208.2,c.1864delC,NP_001120680.1,p.Q622fs*17,1317,40,Likely Pathogenic
M23811,2019-08-12,NGS Heme,Cancer,Myelodysplastic syndrome,Bone Marrow,Bone Marrow (1% blasts),TET2,Deletion,4,106157990,A,,NM_001127208.2,c.2893delA,NP_001120680.1,p.T965fs*42,1024,42,Likely Pathogenic
M23811,2019-08-12,NGS Heme,Cancer,Myelodysplastic syndrome,Bone Marrow,Bone Marrow (1% blasts),CUX1,Deletion,7,101892184,CGGCCTCCCCGAGGCCG,,NM_181552.3,c.4383_4399delCCTCCCCGAGGCCGCGG,NP_853530.2,p.L1462fs*?,355,81,Uncertain Significance
M23811,2019-08-12,NGS Heme,Cancer,Myelodysplastic syndrome,Bone Marrow,Bone Marrow (1% blasts),ANKRD26,SNV,10,27340189,A,T,NM_014915.2,c.1635+2060T>A,,,1098,43,Uncertain Significance
M23811,2019-08-12,NGS Heme,Cancer,Myelodysplastic syndrome,Bone Marrow,Bone Marrow (1% blasts),KRAS,SNV,12,25398279,C,T,NM_033360.3,c.40G>A,NP_203524.1,p.V14I,1176,9.61,Pathogenic
M23811,2019-08-12,NGS Heme,Cancer,Myelodysplastic syndrome,Bone Marrow,Bone Marrow (1% blasts),PML,SNV,15,74315485,C,T,NM_033238.2,c.919C>T,NP_150241.2,p.R307C,629,43,Uncertain Significance
M23811,2019-08-12,NGS Heme,Cancer,Myelodysplastic syndrome,Bone Marrow,Bone Marrow (1% blasts),TP53,SNV,17,7577548,C,T,NM_000546.5,c.733G>A,NP_000537.3,p.G245S,881,19,Uncertain Significance
M23811,2019-08-12,NGS Heme,Cancer,Myelodysplastic syndrome,Bone Marrow,Bone Marrow (1% blasts),TP53,SNV,17,7578394,T,C,NM_000546.5,c.536A>G,NP_000537.3,p.H179R,1092,19,Pathogenic
M23811,2019-08-12,NGS Heme,Cancer,Myelodysplastic syndrome,Bone Marrow,Bone Marrow (1% blasts),TP53,SNV,17,7578406,C,T,NM_000546.5,c.524G>A,NP_000537.3,p.R175H,1156,5.88,Pathogenic
M23811,2019-08-12,NGS Heme,Cancer,Myelodysplastic syndrome,Bone Marrow,Bone Marrow (1% blasts),SRSF2,SNV,17,74732959,G,A,NM_003016.4,c.284C>T,NP_003007.2,p.P95L,992,44,Pathogenic
M23811,2019-08-12,NGS Heme,Cancer,Myelodysplastic syndrome,Bone Marrow,Bone Marrow (1% blasts),CALR,SNV,19,13051643,C,T,NM_004343.3,c.902C>T,NP_004334.1,p.P301L,868,51,Uncertain Significance
