"Run","Sample","File","Chromosome","Region","Type","Reference","Allele","Count","Coverage","Frequency","Average quality","Gene Cards"
"Heme 1156","C00026B","C:\CompareResults\ValidateFor\NGS 1156\C00026B-N1156_S1 (paired) 4%.csv","1","190067271","SNV","G","T","131","699","18.74105866","31.09127433","BRINP3"
"Heme 1156","C00026B","C:\CompareResults\ValidateFor\NGS 1156\C00026B-N1156_S1 (paired) 4%.csv","17","40475061..40475063","Deletion","CTT","-","47","1175","4","39.31914894","STAT3"
"Heme 1156","C00026B","C:\CompareResults\CompareTo\NGS 1156\Results\C00026B\C00026B-N1156_S1 (paired) 5%.csv","7","148525952","SNV","C","T","45","1089","4.132231405","42.68888889","EZH2"
"Heme 1156","C00026B","C:\CompareResults\CompareTo\NGS 1156\Results\C00026B\C00026B-N1156_S1 (paired) 5%.csv","11","118344494..118344495","Deletion","AG","-","51","1257","4.057279236","38.91089109","KMT2A"
"Heme 1156","D23065_H29997","C:\CompareResults\ValidateFor\NGS 1156\D23065-N1156_S2 (paired) 4%.csv","4","106157895","Deletion","C","-","38","882","4.308390023","36.31578947","TET2"
"Heme 1156","D23065_H29997","C:\CompareResults\ValidateFor\NGS 1156\D23065-N1156_S2 (paired) 4%.csv","X","34148806..34148844","Deletion","GAGACTGGACGTCCGACGAGTCTTGGGAGGCTCCGAGCG","-","249","1208","20.61258278","31.42984734","FAM47A"
"Heme 1156","D23088_M40389","C:\CompareResults\ValidateFor\NGS 1156\D23088-N1156_S10 (paired) 4%.csv","X","34148806..34148844","Deletion","GAGACTGGACGTCCGACGAGTCTTGGGAGGCTCCGAGCG","-","543","558","97.31182796","32.65898959","FAM47A"
"Heme 1156","D23101_T35720","C:\CompareResults\ValidateFor\NGS 1156\D23101-N1156_S14 (paired) 4%.csv","X","34148806..34148844","Deletion","GAGACTGGACGTCCGACGAGTCTTGGGAGGCTCCGAGCG","-","483","696","69.39655172","30.56075768","FAM47A"
"Heme 1156","D23101_T35720","C:\CompareResults\CompareTo\NGS 1156\Results\D23101_T35720\D23101-N1156_S14 (paired) 5%.csv","11","118307393","SNV","T","C","11","184","5.97826087","30.18181818","KMT2A"
"Heme 1156","D23110_T37373","C:\CompareResults\ValidateFor\NGS 1156\D23110-N1156_S17 (paired) 4%.csv","X","34148806..34148844","Deletion","GAGACTGGACGTCCGACGAGTCTTGGGAGGCTCCGAGCG","-","668","925","72.21621622","31.85793008","FAM47A"
"Heme 1156","C00026B","C:\CompareResults\ValidateFor\NGS 1156\C00026B-N1156_S1 (paired) Hotspot.csv","20","31022441^31022442","Insertion","-","G","127","1007","12.61171797","36.64147574","ASXL1"
"Heme 1156","D23074_M43373","C:\CompareResults\ValidateFor\NGS 1156\D23074-N1156_S3 (paired) Hotspot.csv","1","115252204","SNV","C","T","5","499","1.002004008","36","NRAS"
"Heme 1156","D23074_M43373","C:\CompareResults\ValidateFor\NGS 1156\D23074-N1156_S3 (paired) Hotspot.csv","20","31022441^31022442","Insertion","-","G","7","572","1.223776224","29.14285714","ASXL1"
"Heme 1156","D23075_M43075","C:\CompareResults\ValidateFor\NGS 1156\D23075-N1156_S4 (paired) Hotspot.csv","17","7578526","SNV","C","A","10","738","1.35501355","18.9","TP53"
"Heme 1156","D23075_M43075","C:\CompareResults\ValidateFor\NGS 1156\D23075-N1156_S4 (paired) Hotspot.csv","20","31022441^31022442","Insertion","-","G","21","1244","1.688102894","34.87111102","ASXL1"
"Heme 1156","D23077_M41728","C:\CompareResults\ValidateFor\NGS 1156\D23077-N1156_S6 (paired) Hotspot.csv","20","31022441^31022442","Insertion","-","G","230","849","27.09069494","40.21170054","ASXL1"
"Heme 1156","D23101_T35720","C:\CompareResults\ValidateFor\NGS 1156\D23101-N1156_S14 (paired) Hotspot.csv","20","31022441^31022442","Insertion","-","G","292","985","29.64467005","40.71072081","ASXL1"
"Heme 1156","D23109_W57934","C:\CompareResults\ValidateFor\NGS 1156\D23109-N1156_S16 (paired) Hotspot.csv","20","31022441^31022442","Insertion","-","G","16","819","1.953601954","33.75","ASXL1"
"Heme 1156","D23110_T37373","C:\CompareResults\ValidateFor\NGS 1156\D23110-N1156_S17 (paired) Hotspot.csv","20","31022441^31022442","Insertion","-","G","11","767","1.434159061","36.27272727","ASXL1"
"Heme 1156","D23110_T37373","C:\CompareResults\CompareTo\NGS 1156\Results\D23110_T37373\D23110-N1156_S17 (paired) Hotspot.csv","7","151962134","SNV","G","T","4","709","0.564174894","36.5","KMT2C"
"Heme 1156","D23111_W60502","C:\CompareResults\ValidateFor\NGS 1156\D23111-N1156_S18 (paired) Hotspot.csv","20","31022441^31022442","Insertion","-","G","247","1004","24.60159363","37.53200149","ASXL1"
